{
    "filters": [
        {
            "cmp": 0,
            "ival": 38,
            "key": "nationality"
        },
        {
            "cmp": 0,
            "ival": 25,
            "key": "preferredposition1"
        },
        {
            "cmp": 0,
            "ival": 5,
            "key": "birth_day"
        },
        {
            "cmp": 0,
            "ival": 2,
            "key": "birth_month"
        },
        {
            "cmp": 5,
            "ival": 85,
            "key": "potential"
        },
        {
            "cmp": 5,
            "ival": 460000,
            "key": "playerid"
        }
    ],
    "name": "CR7 Regen",
    "type": "player"
}
