{
    "filters": [
        {
            "cmp": 0,
            "ival": 23,
            "key": "preferredposition1"
        },
        {
            "cmp": 0,
            "ival": 52,
            "key": "nationality"
        },
        {
            "cmp": 5,
            "ival": 89,
            "key": "potential"
        },
        {
            "cmp": 0,
            "ival": 24,
            "key": "birth_day"
        },
        {
            "cmp": 0,
            "ival": 6,
            "key": "birth_month"
        },
        {
            "cmp": 5,
            "ival": 460000,
            "key": "playerid"
        }
    ],
    "name": "Messi Regen",
    "type": "player"
}
